site_id,name,address,block,lot,site_use_ids,source_ids,point_x,point_y
11,,1620 riggs ave,42,83,2,"3, 4, 5, 6",-76.644054,39.301228
19,,1428 w lafayette ave,76,58,2,"3, 4, 5, 6",-76.640691,39.299212
32,amazing rose street garden,"600 block of n. port st. baltimore, md",,,,"2, 4, 5, 6",-76.581358,39.298106
36,mt washington arboretum community garden,"1 tanbark dr, baltimore, md",,,,"2, 4, 5, 6",-76.65641695,39.36691464
39,,616 n mount st,109,8,2,"3, 4, 5, 6",-76.644464,39.295886
43,,2123 w saratoga st,160,12,2,"3, 4, 5, 6",-76.650933,39.291647
44,,2125 w saratoga st,160,13,2,"3, 4, 5, 6",-76.65099,39.291642
45,,2127 w saratoga st,160,14,2,"3, 4, 5, 6",-76.651034,39.291646
46,,2129 w saratoga st,160,15,2,"3, 4, 5, 6",-76.651078,39.291639
47,,2131 w saratoga st,160,16,2,"3, 4, 5, 6",-76.651135,39.291634
48,,2133 w saratoga st,160,17,2,"3, 4, 5, 6",-76.651179,39.291637
49,,2135 w saratoga st,160,18,2,"3, 4, 5, 6",-76.651223,39.291632
50,,2137 w saratoga st,160,19,2,"3, 4, 5, 6",-76.65128,39.291635
51,,2139 w saratoga st,160,20,2,"3, 4, 5, 6",-76.651324,39.29163
52,,2141 w saratoga st,160,21,2,"3, 4, 5, 6",-76.651369,39.291633
53,,2143 w saratoga st,160,22,2,"3, 4, 5, 6",-76.651425,39.291628
54,,2145 w saratoga st,160,23,2,"3, 4, 5, 6",-76.651469,39.291631
55,,233 n fulton ave,164,6,2,"3, 4, 5, 6",-76.645114,39.291754
56,,231 n fulton ave,164,7,2,"3, 4, 5, 6",-76.645113,39.291713
57,,229 n fulton ave,164,8,2,"3, 4, 5, 6",-76.645113,39.291673
58,,227 n fulton ave,164,9,2,"3, 4, 5, 6",-76.645081,39.291629
59,,219 n fulton ave,164,13,2,"3, 4, 5, 6",-76.645075,39.291435
60,,217 n fulton ave,164,14,2,"3, 4, 5, 6",-76.645071,39.291393
61,,213 n fulton ave,164,16,2,"3, 4, 5, 6",-76.645067,39.291291
62,,207 n fulton ave,164,19,2,"3, 4, 5, 6",-76.645056,39.291148
63,,202 n bruce st,164,93,2,"3, 4, 5, 6",-76.64476,39.290922
64,,204 n bruce st,164,94,2,"3, 4, 5, 6",-76.644766,39.29095
65,,206 n bruce st,164,95,2,"3, 4, 5, 6",-76.644772,39.290985
66,,208 n bruce st,164,96,2,"3, 4, 5, 6",-76.644766,39.29102
67,,210 n bruce st,164,97,2,"3, 4, 5, 6",-76.644771,39.291045
68,,212 n bruce st,164,98,2,"3, 4, 5, 6",-76.644757,39.291111
69,,214 n bruce st,164,99,2,"3, 4, 5, 6",-76.644766,39.291155
70,,216 n bruce st,164,100,2,"3, 4, 5, 6",-76.644763,39.291185
71,,218 n bruce st,164,101,2,"3, 4, 5, 6",-76.644762,39.291221
72,,220 n bruce st,164,102,2,"3, 4, 5, 6",-76.644774,39.291257
73,,222 n bruce st,164,103,2,"3, 4, 5, 6",-76.644774,39.291284
74,,224 n bruce st,164,104,2,"3, 4, 5, 6",-76.644774,39.291321
75,,226 n bruce st,164,105,2,"3, 4, 5, 6",-76.644773,39.291356
76,,228 n bruce st,164,106,2,"3, 4, 5, 6",-76.644772,39.291383
77,,230 n bruce st,164,107,2,"3, 4, 5, 6",-76.644783,39.291419
78,,232 n bruce st,164,108,2,"3, 4, 5, 6",-76.644783,39.291455
79,,234 n bruce st,164,109,2,"3, 4, 5, 6",-76.644783,39.291482
80,,236 n bruce st,164,110,2,"3, 4, 5, 6",-76.644783,39.291517
81,,238 n bruce st,164,111,2,"3, 4, 5, 6",-76.644782,39.291553
82,,240 n bruce st,164,112,2,"3, 4, 5, 6",-76.644793,39.29158
83,,242 n bruce st,164,113,2,"3, 4, 5, 6",-76.644793,39.291616
84,,244 n bruce st,164,114,2,"3, 4, 5, 6",-76.64479,39.291648
85,,246 n bruce st,164,115,2,"3, 4, 5, 6",-76.644808,39.291682
86,,248 n bruce st,164,116,2,"3, 4, 5, 6",-76.644819,39.291718
87,,250 n bruce st,164,117,2,"3, 4, 5, 6",-76.644819,39.291745
88,,252 n bruce st,164,118,2,"3, 4, 5, 6",-76.644819,39.29178
89,,254 n bruce st,164,119,2,"3, 4, 5, 6",-76.644819,39.291816
91,sunflower village,216 - 224 n. carey,168,24,"4, 8","1, 2, 4, 5, 6",-76.638699,39.291657
94,sunflower village,216 - 224 n. carey,168,52,"4, 8","1, 4, 5, 6",-76.638895,39.291434
95,sunflower village,216 - 224 n. carey,168,53,"4, 8","1, 4, 5, 6",-76.638918,39.291819
106,,31 n mount st,195,21,2,"3, 4, 5, 6",-76.643589,39.289259
107,,29 n mount st,195,22,2,"3, 4, 5, 6",-76.643592,39.28922
108,,27 n mount st,195,23,2,"3, 4, 5, 6",-76.643558,39.289157
109,,25 n mount st,195,24,2,"3, 4, 5, 6",-76.643551,39.289128
110,,23 n mount st,195,25,2,"3, 4, 5, 6",-76.643552,39.289092
111,,25 n vincent st,195,68,2,"3, 4, 5, 6",-76.642981,39.289119
112,,23 n vincent st,195,69,2,"3, 4, 5, 6",-76.642979,39.289092
113,,21 n vincent st,195,70,2,"3, 4, 5, 6",-76.642975,39.289055
114,,19 n vincent st,195,71,2,"3, 4, 5, 6",-76.642985,39.289018
115,,17 n vincent st,195,72,2,"3, 4, 5, 6",-76.642983,39.288991
116,,11 n vincent st,195,75,2,"3, 4, 5, 6",-76.642975,39.28889
117,,7 n vincent st,195,77,2,"3, 4, 5, 6",-76.64297,39.288826
118,,5 n vincent st,195,78,2,"3, 4, 5, 6",-76.642967,39.288789
119,,16 n vincent st,195,82,2,"3, 4, 5, 6",-76.64324,39.288987
120,,18 n vincent st,195,83,2,"3, 4, 5, 6",-76.643246,39.289025
121,,20 n vincent st,195,84,2,"3, 4, 5, 6",-76.64325,39.289052
122,,22 n vincent st,195,85,2,"3, 4, 5, 6",-76.643252,39.289089
123,,24 n vincent st,195,86,2,"3, 4, 5, 6",-76.643256,39.289128
124,,26 n vincent st,195,87,2,"3, 4, 5, 6",-76.643255,39.289163
125,,28 n vincent st,195,88,2,"3, 4, 5, 6",-76.643204,39.289239
126,poppleton children's & community garden,"14 n schroeder st baltimore, md",,,,"2, 4, 5, 6",-76.63406,39.289401
132,,32 s carey st,232,48,2,"3, 4, 5, 6",-76.638315,39.287097
133,,30 s carey st,232,49,2,"3, 4, 5, 6",-76.63832,39.287135
134,,28 s carey st,232,50,2,"3, 4, 5, 6",-76.638311,39.287173
143,,1015 w lombard st,251,7,2,"3, 4, 5, 6",-76.6343,39.286557
144,,1017 w lombard st,251,8,2,"3, 4, 5, 6",-76.634342,39.286551
148,301 s. calhoun street,301 s. calhoun street,281,54,"4, 5, 8, 15, 16","1, 4, 5, 6",-76.639065,39.284412
152,,2131 pennsylvania ave,307,38,2,"3, 4, 5, 6",-76.63893,39.307349
153,,2129 pennsylvania ave,307,39,2,"3, 4, 5, 6",-76.638896,39.307325
154,,2127 pennsylvania ave,307,40,2,"3, 4, 5, 6",-76.638863,39.307292
155,,2125 pennsylvania ave,307,41,2,"3, 4, 5, 6",-76.63884,39.307266
156,,2123 pennsylvania ave,307,42,2,"3, 4, 5, 6",-76.638791,39.307244
160,,1945 pennsylvania ave,320,18,2,"3, 4, 5, 6",-76.637183,39.305929
161,,1941 pennsylvania ave,320,20,2,"3, 4, 5, 6",-76.63712,39.30587
162,,1939 pennsylvania ave,320,21,2,"3, 4, 5, 6",-76.637084,39.305847
163,,1937 pennsylvania ave,320,22,2,"3, 4, 5, 6",-76.637044,39.305813
164,,1935 pennsylvania ave,320,23,2,"3, 4, 5, 6",-76.637019,39.305792
165,,1933 pennsylvania ave,320,24,2,"3, 4, 5, 6",-76.636976,39.305763
166,,1931 pennsylvania ave,320,25,2,"3, 4, 5, 6",-76.636944,39.305735
167,,1929 pennsylvania ave,320,26,2,"3, 4, 5, 6",-76.636914,39.30571
168,,1927 pennsylvania ave,320,27,2,"3, 4, 5, 6",-76.636874,39.305676
169,,558 robert st,320,37,2,"3, 4, 5, 6",-76.636026,39.305676
170,,556 robert st,320,38,2,"3, 4, 5, 6",-76.635992,39.305701
171,,554 robert st,320,39,2,"3, 4, 5, 6",-76.63596,39.305725
172,,552 robert st,320,40,2,"3, 4, 5, 6",-76.635928,39.30575
173,,550 robert st,320,41,2,"3, 4, 5, 6",-76.635895,39.305774
174,,548 robert st,320,42,2,"3, 4, 5, 6",-76.635863,39.305799
175,,546 robert st,320,43,2,"3, 4, 5, 6",-76.63583,39.305823
176,,544 robert st,320,44,2,"3, 4, 5, 6",-76.635796,39.305848
177,,542 robert st,320,45,2,"3, 4, 5, 6",-76.635764,39.305873
178,,540 robert st,320,46,2,"3, 4, 5, 6",-76.63573,39.305898
179,,538 robert st,320,47,2,"3, 4, 5, 6",-76.635697,39.305922
180,,1900 division st,320,48,2,"3, 4, 5, 6",-76.635882,39.305922
185,,1833 brunt st,327,79,2,"3, 4, 5, 6",-76.635619,39.305326
186,,1831 brunt st,327,80,2,"3, 4, 5, 6",-76.635589,39.305299
187,,1829 brunt st,327,81,2,"3, 4, 5, 6",-76.63556,39.305278
188,,1827 brunt st,327,82,2,"3, 4, 5, 6",-76.635528,39.305252
189,,1825 brunt st,327,83,2,"3, 4, 5, 6",-76.635497,39.305234
190,,1823 brunt st,327,84,2,"3, 4, 5, 6",-76.635468,39.305209
191,,1821 brunt st,327,85,2,"3, 4, 5, 6",-76.635439,39.305187
192,,1819 brunt st,327,86,2,"3, 4, 5, 6",-76.635409,39.305159
193,,1817 brunt st,327,87,2,"3, 4, 5, 6",-76.635373,39.305139
194,,1815 brunt st,327,88,2,"3, 4, 5, 6",-76.635346,39.305109
195,,1709 brunt st,338,76,2,"3, 4, 5, 6",-76.634416,39.304407
196,,1711 brunt st,338,77,2,"3, 4, 5, 6",-76.634441,39.304432
197,,1713 brunt st,338,78,2,"3, 4, 5, 6",-76.634466,39.304448
198,,1717 brunt st,338,80,2,"3, 4, 5, 6",-76.63453,39.304497
199,,1719 brunt st,338,81,2,"3, 4, 5, 6",-76.634565,39.304528
200,,1721 brunt st,338,82,2,"3, 4, 5, 6",-76.634595,39.30455
201,,1723 brunt st,338,83,2,"3, 4, 5, 6",-76.634619,39.304573
202,,1728 brunt st,338,84,2,"3, 4, 5, 6",-76.63488,39.304377
203,,1726 brunt st,338,85,2,"3, 4, 5, 6",-76.634849,39.304356
204,,1724 brunt st,338,86,2,"3, 4, 5, 6",-76.634821,39.304324
205,,1722 brunt st,338,87,2,"3, 4, 5, 6",-76.634785,39.304307
206,,1720 brunt st,338,88,2,"3, 4, 5, 6",-76.634761,39.304278
207,,1718 brunt st,338,89,2,"3, 4, 5, 6",-76.634732,39.304259
208,,1716 brunt st,338,90,2,"3, 4, 5, 6",-76.634699,39.304231
209,,1714 brunt st,338,91,2,"3, 4, 5, 6",-76.634674,39.30421
210,,1712 brunt st,338,92,2,"3, 4, 5, 6",-76.634642,39.30418
211,,1710 brunt st,338,93,2,"3, 4, 5, 6",-76.634612,39.304155
224,,109 e lafayette ave,409,22,2,"3, 4, 5, 6",-76.614472,39.309683
225,,107 e lafayette ave,409,23,2,"3, 4, 5, 6",-76.614538,39.30968
226,,105 e lafayette ave,409,24,2,"3, 4, 5, 6",-76.614581,39.309677
227,,103 e lafayette ave,409,25,2,"3, 4, 5, 6",-76.614624,39.309684
228,,1731 saint paul st,409,26,2,"3, 4, 5, 6",-76.614687,39.309676
229,1718 guilford avenue,1718 guilford avenue,410,33,,"1, 4, 5, 6",-76.61258,39.309499
268,cole street community garden,"1523 cole street baltimore, md",,,,"2, 4, 5, 6",-76.641221,39.282099
272,pigtown food for thought,1172 carroll street,780,51,"4, 5, 7, 8, 9, 10, 11","1, 2, 4, 5, 6",-76.632981,39.281113
281,welcome alley park,129 welcome alley,874,52,"4, 15","1, 4, 5, 6",-76.616916,39.282509
282,,0883 031a,883,31a,2,"3, 4, 5, 6",-76.615832,39.281269
286,,934 s hanover st,916,18,2,"3, 4, 5, 6",-76.615884,39.278082
296,heath street and charles street,"1 e heath st, baltimore, md",,,,"2, 4, 5, 6",-76.613644,39.270428
303,brentwood commons,1816 brentwood avenue,1096,63,"1, 4, 5, 8, 15","1, 4, 5, 6",-76.610334,39.31087
316,,1712-1714 greenmount ave,1104,36,2,"3, 4, 5, 6",-76.609631,39.309621
317,,1710 greenmount ave,1104,38,2,"3, 4, 5, 6",-76.609618,39.309554
318,,1708 greenmount ave,1104,39,2,"3, 4, 5, 6",-76.609616,39.309502
319,,1706 greenmount ave,1104,40,2,"3, 4, 5, 6",-76.609615,39.30946
320,,1704 greenmount ave,1104,41,2,"3, 4, 5, 6",-76.609614,39.309418
321,,1702 greenmount ave,1104,42,2,"3, 4, 5, 6",-76.609613,39.309366
322,brentwood garden,"1700 brentwood ave. 21202 baltimore, md",,,,"2, 4, 5, 6",-76.609937,39.309526
336,,423 e lanvale st,1111,106,2,"3, 4, 5, 6",-76.610092,39.308811
338,,1517 ensor st,1121,43,2,"3, 4, 5, 6",-76.603649,39.3075
339,,1513 ensor st,1121,45,2,"3, 4, 5, 6",-76.603652,39.307435
340,,1511 ensor st,1121,46,2,"3, 4, 5, 6",-76.603641,39.307393
341,,1509 ensor st,1121,47,2,"3, 4, 5, 6",-76.603636,39.307358
342,,1507 ensor st,1121,48,2,"3, 4, 5, 6",-76.603648,39.307322
343,,1505 ensor st,1121,49,2,"3, 4, 5, 6",-76.60365,39.307286
344,,1503 ensor st,1121,50,2,"3, 4, 5, 6",-76.603636,39.307251
345,,1501 ensor st,1121,51,2,"3, 4, 5, 6",-76.603626,39.307221
354,,1009 e oliver st,1131,31,2,"3, 4, 5, 6",-76.603517,39.30698
355,,1007 e oliver st,1131,32,2,"3, 4, 5, 6",-76.60357,39.30697
356,,1005 e oliver st,1131,33,2,"3, 4, 5, 6",-76.603622,39.30697
357,,1003 e oliver st,1131,34,2,"3, 4, 5, 6",-76.603674,39.306969
358,,1001 e oliver st,1131,35,2,"3, 4, 5, 6",-76.603702,39.306969
404,,1300 holbrook st,1145,66,2,"3, 4, 5, 6",-76.603061,39.305381
405,,1302 holbrook st,1145,67,2,"3, 4, 5, 6",-76.603077,39.30541
406,,1304 holbrook st,1145,68,2,"3, 4, 5, 6",-76.603069,39.305439
407,,1306 holbrook st,1145,69,2,"3, 4, 5, 6",-76.603085,39.305469
408,,1308 holbrook st,1145,70,2,"3, 4, 5, 6",-76.603077,39.305497
409,,1310 holbrook st,1145,71,2,"3, 4, 5, 6",-76.603069,39.305526
410,,1312 holbrook st,1145,72,2,"3, 4, 5, 6",-76.603085,39.305555
411,,1314 holbrook st,1145,73,2,"3, 4, 5, 6",-76.603072,39.305587
412,,1316 holbrook st,1145,74,2,"3, 4, 5, 6",-76.603075,39.305623
413,,1318 holbrook st,1145,75,2,"3, 4, 5, 6",-76.60308,39.305659
414,,1320 holbrook st,1145,76,2,"3, 4, 5, 6",-76.603091,39.305686
450,eastside community garden,"1600 e. baltimore st. baltimore, md",,,,"2, 4, 5, 6",-76.595081,39.291252
451,exeter gardens,101-103 s. exeter street,1380,58,,"1, 2, 4, 5, 6",-76.602025,39.28905
478,duncan street miracle garden,"1800 duncan st. baltimore, md",,,,"2, 4, 5, 6",-76.588147,39.311459
482,,"ns 15 ft alley 1st n of, federal st rear, 2632-2800 federal st",1476b,75h,2,"3, 4, 5, 6",-76.579635,39.309624
483,agape's garden,1504 n madeira st,1483,60,2,"2, 3, 4, 5, 6",-76.586661,39.308229
484,,1508 n madeira st,1483,62,2,"3, 4, 5, 6",-76.58665,39.308298
485,,1510 n madeira st,1483,63,2,"3, 4, 5, 6",-76.586664,39.308339
486,,1513 n madeira st,1483,79,2,"3, 4, 5, 6",-76.58628,39.30839
487,,1505 n madeira st,1483,83,2,"3, 4, 5, 6",-76.586283,39.308241
488,,1501 n madeira st,1483,85,2,"3, 4, 5, 6",-76.586264,39.308176
489,,1756 llewelyn ave,1494,82,2,"3, 4, 5, 6",-76.592963,39.307129
490,,1758 llewelyn ave,1494,83,2,"3, 4, 5, 6",-76.592928,39.307135
491,,1760 llewelyn ave,1494,84,2,"3, 4, 5, 6",-76.592868,39.307131
492,,1762 llewelyn ave,1494,85,2,"3, 4, 5, 6",-76.59283,39.307138
493,,1764 llewelyn ave,1494,86,2,"3, 4, 5, 6",-76.592803,39.307134
494,,1766 llewelyn ave,1494,87,2,"3, 4, 5, 6",-76.592751,39.307137
495,,1768 llewelyn ave,1494,88,2,"3, 4, 5, 6",-76.592701,39.307137
511,amazing port street commons,"600 n. port st., baltimore md",,,,"2, 4, 5, 6",-76.582776,39.298338
513,,2018 jefferson st,1651,49,2,"3, 4, 5, 6",-76.588162,39.296677
514,500 n. block duncan street community garden,502 n. duncan street,1652,61,"4, 5, 9, 11, 15, 16","1, 4, 5, 6",-76.587232,39.296856
515,,524 n duncan st,1652,71,2,"3, 4, 5, 6",-76.587271,39.297213
518,,2401 mcelderry st,1655,55,2,"3, 4, 5, 6",-76.583477,39.29746
520,,2115 jefferson st,1669,21,2,"3, 4, 5, 6",-76.587242,39.296345
521,,402 n duncan st,1669,66,2,"3, 4, 5, 6",-76.58718,39.295771
522,,406 n duncan st,1669,68,2,"3, 4, 5, 6",-76.587191,39.295841
523,,408 n duncan st,1669,69,2,"3, 4, 5, 6",-76.587193,39.295879
524,,410 n duncan st,1669,70,2,"3, 4, 5, 6",-76.587191,39.295913
526,,414 n duncan st,1669,72,2,"3, 4, 5, 6",-76.587185,39.29598
527,,416 n duncan st,1669,73,2,"3, 4, 5, 6",-76.587192,39.296019
528,,418 n duncan st,1669,74,2,"3, 4, 5, 6",-76.587195,39.296059
529,,420 n duncan st,1669,75,2,"3, 4, 5, 6",-76.587206,39.296096
530,,422 n duncan st,1669,76,2,"3, 4, 5, 6",-76.587191,39.296124
531,,427 n duncan st,1669,79,2,"3, 4, 5, 6",-76.586968,39.296211
532,,425 n duncan st,1669,80,2,"3, 4, 5, 6",-76.586972,39.296169
533,,423 n duncan st,1669,81,2,"3, 4, 5, 6",-76.586953,39.296136
534,,421 n duncan st,1669,82,2,"3, 4, 5, 6",-76.586957,39.296104
535,,419 n duncan st,1669,83,2,"3, 4, 5, 6",-76.58696,39.296061
536,,417 n duncan st,1669,84,2,"3, 4, 5, 6",-76.586964,39.296029
537,,415 n duncan st,1669,85,2,"3, 4, 5, 6",-76.586944,39.295996
538,,413 n duncan st,1669,86,2,"3, 4, 5, 6",-76.586955,39.295955
539,,411 n duncan st,1669,87,2,"3, 4, 5, 6",-76.586938,39.295926
540,,409 n duncan st,1669,88,2,"3, 4, 5, 6",-76.586937,39.295887
541,,407 n duncan st,1669,89,2,"3, 4, 5, 6",-76.586941,39.295855
542,,405 n duncan st,1669,90,2,"3, 4, 5, 6",-76.586944,39.295822
543,,403 n duncan st,1669,91,2,"3, 4, 5, 6",-76.586929,39.295786
544,,2222 orleans st,1670,65,2,"3, 4, 5, 6",-76.585743,39.295688
545,madeira gardens,"400 n madeira st. baltimore, md",,,,"2, 4, 5, 6",-76.585535,39.29585
546,,2026 e fayette st,1686,42,2,"3, 4, 5, 6",-76.58831,39.294367
547,,235 n chester st,1687,12,2,"3, 4, 5, 6",-76.587414,39.295249
548,,2107 orleans st,1687,17,2,"3, 4, 5, 6",-76.587126,39.295246
559,,205 n duncan st,1687,77,2,"3, 4, 5, 6",-76.586854,39.294641
564,patterson park city farm,"2499 e baltimore st, baltimore, md",,,,"2, 4, 5, 6",-76.581727,39.292213
567,charles m. halcott square,104 south duncan street,1748,53,"4, 5, 8, 13, 15, 16","1, 2, 4, 5, 6",-76.586833,39.290144
568,ufpia community garden,1827 e. pratt street,1754,72,"4, 5, 6, 10, 11","1, 2, 4, 5, 6",-76.590502,39.289158
590,coppin heights community garden,"ss 10 ft alley 1st s of, w north av 90 ft e of, n warwick av",2307a,54,2,"2, 3, 4, 5, 6",-76.656276,39.309216
603,,3917 norfolk ave,2742a,9,2,"3, 4, 5, 6",-76.684227,39.324157
604,,3204 chelsea terr,2742a,26,2,"3, 4, 5, 6",-76.683828,39.324068
615,victorine q. adams memorial garden,"nws vickers rd, 124-7 ft sw of carlisle av",3070a,19,"2, 4, 5, 9, 12, 13, 14, 15, 16","1, 2, 3, 4, 5, 6",-76.67161682,39.31821195
627,,4316 pimlico road,3307b,14,2,"3, 4, 5, 6",-76.664703,39.339213
628,,3900 park heights ave,3321,1,2,"3, 4, 5, 6",-76.662187,39.333195
629,,3902 park heights ave,3321,2,2,"3, 4, 5, 6",-76.662218,39.333238
630,,3906 park heights ave,3321,4,2,"3, 4, 5, 6",-76.662275,39.333333
631,,3908 park heights ave,3321,5,2,"3, 4, 5, 6",-76.662319,39.333385
632,,3910 park heights ave,3321,6,2,"3, 4, 5, 6",-76.662353,39.333428
635,,"es 20 ft alley, 2nd w druid pk dr rear, 2522-66 druid park dr",3327c,79,2,"3, 4, 5, 6",-76.656719,39.327768
636,druid park dr. community garden,"2500 druid park drive baltimore, md",,,,"2, 4, 5, 6",-76.656123,39.328722
641,rocks n'rows charity garden,"3700 clipper road baltimore, md",,,,"2, 4, 5, 6",-76.646886,39.335241
645,lennox street community garden,"732 lennox st. baltimore, md",,,,"2, 4, 5, 6",-76.629112,39.312044
648,,901-905 whitelock st,3447,27,2,"3, 4, 5, 6",-76.634095,39.314165
649,,907 whitelock st,3447,27b,2,"3, 4, 5, 6",-76.634228,39.314164
650,,909 whitelock st,3447,27c,2,"3, 4, 5, 6",-76.634303,39.314166
651,,911 whitelock st,3447,28,2,"3, 4, 5, 6",-76.634383,39.314166
658,,925-927 whitelock st,3447,30c,2,"3, 4, 5, 6",-76.63504,39.314033
659,,2339 linden ave,3447,31,2,"3, 4, 5, 6",-76.635249,39.313913
660,,2337 linden ave,3447,32,2,"3, 4, 5, 6",-76.635155,39.313914
661,,2335 linden ave,3447,33,2,"3, 4, 5, 6",-76.635119,39.313879
662,,2333 linden ave,3447,34,2,"3, 4, 5, 6",-76.635087,39.313842
664,reservoir hill association of neighbors on newington,"730 newington ave baltimore, md",,,,"2, 4, 5, 6",-76.630764,39.31389
667,,2401 linden ave,3463a,1,2,"3, 4, 5, 6",-76.635327,39.314175
669,reservoir hill community garden,942-946 whitelock st,3463a,14,2,"2, 3, 4, 5, 6",-76.634586,39.314637
673,,2515 linden ave,3463f,3,2,"3, 4, 5, 6",-76.635825,39.315759
675,druid park dr. city farm,"1 shop rd, baltimore, md",,,,"2, 4, 5, 6",-76.637062,39.322649
676,baltimore free farm,3509 ash st,3518c,47,2,"2, 3, 4, 5, 6",-76.640128,39.329438
677,roosevelt park city farm,"1311 w 36th st, baltimore, md",,,,"2, 4, 5, 6",-76.636688,39.330381
686,making miles,2603 miles ave,3630a,58,2,"2, 3, 4, 5, 6",-76.621819,39.318681
691,remington village green,2812 - 2822 fox street,3651,61,"8, 9, 10, 11, 15","1, 2, 4, 5, 6",-76.622535,39.321374
692,sherwood gardens,4310 underwood road,3706,2,,"1, 4, 5, 6",-76.613523,39.34175
694,,442-444 e north ave,3804,1,2,"3, 4, 5, 6",-76.609621,39.311728
695,,438-440 e north ave,3804,3,2,"3, 4, 5, 6",-76.609751,39.311677
696,,436 e north ave,3804,5,2,"3, 4, 5, 6",-76.609819,39.311696
712,,2401 barclay st,3826,1,2,"3, 4, 5, 6",-76.610987,39.316348
713,,2403 barclay st,3826,2,2,"3, 4, 5, 6",-76.610984,39.316392
720,brentwood avenue garden,3409-3415 brentwood,3884,38,,"1, 2, 4, 5, 6",-76.610386,39.32
723,,3925 frisby st,3920,1,2,"3, 4, 5, 6",-76.60599,39.336444
724,hillen homestead,1913 e 28th st,3938,25,"2, 4, 8, 11, 12, 13, 15, 16","1, 3, 4, 5, 6",-76.588623,39.323667
725,hillen homestead,1915 e 28th st,3938,26,"2, 4, 8, 11, 12, 13, 15, 16","1, 3, 4, 5, 6",-76.588572,39.32366
726,hillen homestead,1917 e 28th st,3938,27,"2, 4, 8, 11, 12, 13, 15, 16","1, 3, 4, 5, 6",-76.588525,39.323661
727,hillen homestead,1919 e 28th st,3938,28,"2, 4, 8, 11, 12, 13, 15, 16","1, 3, 4, 5, 6",-76.588474,39.323663
730,north hill community garden,,3972e,47,,"1, 2, 4, 5, 6",-76.60078158,39.33866202
738,,1100 e north ave,4005,1,2,"3, 4, 5, 6",-76.603935,39.311976
750,,518 e 21st st,4019,10,2,"3, 4, 5, 6",-76.608881,39.313756
751,,520 e 21st st,4019,11,2,"3, 4, 5, 6",-76.608831,39.313759
752,,522 e 21st st,4019,12,2,"3, 4, 5, 6",-76.608789,39.313766
753,,526 e 21st st,4019,14,2,"3, 4, 5, 6",-76.608687,39.313765
754,,528 e 21st st,4019,15,2,"3, 4, 5, 6",-76.608628,39.313771
756,homewood house community garden,"2200 homewood ave, baltimore, md",,,,"2, 4, 5, 6",-76.607668,39.315132
757,blue jay's perch community garden,"1101 e. 33rd street baltimore, md",,,,"2, 4, 5, 6",-76.59929,39.326525
763,homestead harvest community garden,"623 homestead st, baltimore, md",,,,"2, 4, 5, 6",-76.607412,39.326537
764,,808 homestead st,4079,15,2,"3, 4, 5, 6",-76.605273,39.32617
774,,2307 harford rd,4165,4,2,"3, 4, 5, 6",-76.596053,39.315701
775,,2311 harford rd,4165,6,2,"3, 4, 5, 6",-76.595987,39.315764
776,,2315 harford rd,4165,8,2,"3, 4, 5, 6",-76.595917,39.31583
777,,2319 harford rd,4165,10,2,"3, 4, 5, 6",-76.595858,39.315888
778,,2321 harford rd,4165,11,2,"3, 4, 5, 6",-76.595818,39.315924
779,,2323 harford rd,4165,12,2,"3, 4, 5, 6",-76.595781,39.315955
780,,2327 harford rd,4165,14,2,"3, 4, 5, 6",-76.595691,39.316038
782,,2200 e north ave,4171,1,2,"3, 4, 5, 6",-76.587362,39.312715
783,,2202 e north ave,4171,2,2,"3, 4, 5, 6",-76.587319,39.312716
784,,2204 e north ave,4171,3,2,"3, 4, 5, 6",-76.587267,39.312724
786,clifton park city farm,"100 hill top drive, baltimore, md",,,,"2, 4, 5, 6",-76.582968,39.32522
793,,3004 w northern pkwy,4464a,28,2,"3, 4, 5, 6",-76.677995,39.355894
794,,"sws cuthbert av 145 ft, nw of hayward av",4511a,21,2,"3, 4, 5, 6",-76.68295571,39.34793415
796,,3300 hayward ave,4536a,9,2,"3, 4, 5, 6",-76.677512,39.351095
798,park heights renaissance urban garden (garden of hope),"3300 woodland ave. baltimore, md",,,,"2, 4, 5, 6",-76.672596,39.344792
802,the eric waller mount washington community vegetable garden,"2159 w. rogers ave. baltimore, md",,,,"2, 4, 5, 6",-76.660427,39.35918
805,,"ss w belvedere ave, swc seville ave",4744a,16,2,"3, 4, 5, 6",-76.665623,39.352998
816,radnor winston cooperative garden,"5002 york rd. baltimore, md",,,,"2, 4, 5, 6",-76.610629,39.34946
817,pleasant hope garden,"430 e. belvedere ave. baltimore, md",,,,"2, 4, 5, 6",-76.611008,39.364354
818,astt healing garden (advocates for survivors of torture & trauma),"431 east belvedere avenue baltimore, md",,,,"2, 4, 5, 6",-76.610806,39.363805
819,govans presbyterian church garden,"5828 york road baltimore, md",,,,"2, 4, 5, 6",-76.611101,39.362052
822,dewees park city farm,"730 woodbourne ave, baltimore, md",,,,"2, 4, 5, 6",-76.704416,39.355272
827,wilson park woods,4406 kenilworth ave,5192,12,,"1, 4, 5, 6",-76.60045414,39.34478034
829,,700 e 43rd st,5200,87,2,"3, 4, 5, 6",-76.606229,39.342135
830,,705 e 43rd st,5203a,3,2,"3, 4, 5, 6",-76.606347,39.341642
831,springfield woods,998-900 springfield ave,5205,16,,"1, 4, 5, 6",-76.6014265,39.34255388
832,st. matthew church,"5401 loch raven blvd. baltimore, md",,,,"2, 4, 5, 6",-76.58879,39.35606
854,the goodnow community garden,"5311 goodnow rd, baltimore, md",,,,"2, 4, 5, 6",-76.543692,39.323983
865,boc,"3505 eastern avenue, baltimore, md",,,,"2, 4, 5, 6",-76.567805,39.286299
876,,"sws 10 ft alley 1st, sw of pontiac av rear, 813-37 pontiac av",7096,50,2,"3, 4, 5, 6",-76.599178,39.233694
885,westport community garden,"2324 cedley st baltimore, md",,,,"2, 4, 5, 6",-76.633016,39.261899
897,kensington community garden,"4250 south college road, baltimore, md",,,,"2, 4, 5, 6",-76.694479,39.271758
899,,"sws cadillac av, 129-9 ft se n rogers av",8272,26,2,"3, 4, 5, 6",-76.700901,39.33679
900,,"sws cadillac av, 149-9 ft se n rogers av",8272,27,2,"3, 4, 5, 6",-76.700828,39.336756
901,,"sws cadillac av, 169-9 ft se n rogers av",8272,28,2,"3, 4, 5, 6",-76.700778,39.336716
902,,"sws cadillac av, 189-9 ft se n rogers av",8272,29,2,"3, 4, 5, 6",-76.700722,39.336676
903,,"sws cadillac av, 209-9 ft se n roge0000v",8272,30,2,"3, 4, 5, 6",-76.700674,39.336638
906,ferndale community garden,3301 ferndale ave. baltimore md 21207,,,,"2, 4, 5, 6",-76.703319,39.33066
908,leakin park city farm,"5150 oaklawn rd, baltimore, md",,,,"2, 4, 5, 6",-76.705088,39.308378
909,carmine community garden,"5120 carmine ave. baltimore, md",,,,"2, 4, 5, 6",-76.707974,39.306675
924,carroll park city farm,"724 s monroe st., baltimore, md",,,,"2, 4, 5, 6",-76.64667,39.278685
939,ivanhoe hills,"4416 ivanhoe ave, baltimore md",,,,"2, 4, 5, 6",-76.604639,39.349246
940,moveable feast @ duncan st. miracle garden,,,,,"2, 4, 5, 6",-76.588053,39.311544
941,morgan state university community organic vegetable garden,,,,,"2, 4, 5, 6",-76.584583,39.348951
942,oakenshawe green space,,3734,41,"1, 4, 15","1, 4, 5, 6",-76.611306,39.330136
950,old goucher community garden,"206 e. 23rd st, baltimore, md",,,,"2, 4, 5, 6",-76.613546,39.315577
955,,361 fonthill ave,2195,31,2,"3, 4, 5, 6",-76.662964,39.280337
959,spring grove community garden,,,,,"2, 4, 5, 6",-76.722627,39.264657
960,the quiet place,"2226 walbrook ave baltimore, md",,,,"2, 4, 5, 6",-76.653414,39.311311
968,bridgeview/greenlawn community enhancement project,2306-2328 riggs ave,2353,3,2,"3, 4, 5, 6",-76.654232,39.300968
969,milton street rain garden,2441 e eager street,32,1591,"4, 5, 8, 14, 15","1, 4, 5, 6",-76.5827976,39.3018141
970,remington green,2701 sisson st,3640,1,"1, 2, 10","1, 3, 4, 5, 6",-76.624444,39.319054
971,peace park,2035 druid hill ave,315,23,2,"3, 4, 5, 6",-76.6103026,39.3177107
972,peace park,2033 druid hill ave,315,24,2,"3, 4, 5, 6",-76.6102601,39.31768885
973,the flower factory,1433-1435 n gay st,1497,1,2,"3, 4, 5, 6",-76.58735191,39.30570188
974,the flower factory,1431 n gay st,1497,1,2,"3, 4, 5, 6",-76.58743996,39.30551953
975,the flower factory,1429 n gay st,1497,1,2,"3, 4, 5, 6",-76.58744361,39.30550738
976,the flower factory,1427 n gay st,1497,1,2,"3, 4, 5, 6",-76.58744711,39.30546848
977,the flower factory,1425 n gay st,1497,1,2,"3, 4, 5, 6",-76.58746381,39.30545983
978,the flower factory,1423 n gay st,1497,1,2,"3, 4, 5, 6",-76.58748231,39.30544383
979,the flower factory,1405 n gay st,1497,1,2,"3, 4, 5, 6",-76.58769561,39.30532868
980,mt. clare street community garden,"1017 boyd st. baltimore, md",,,,"2, 4, 5, 6",-76.634392,39.2870459
981,millrace streambank garden,"2007 clipper park road baltimore, md",,,,"2, 4, 5, 6",-76.6446849,39.3317527
982,northern district community council,"2201 w. coldspring ln baltimore, md",,,,"2, 4, 5, 6",-76.6519798,39.3428145
983,st. patrick's garden,"2801 n charles st baltimore, md",,,,"2, 4, 5, 6",-76.616863,39.322569
984,baltimore shambhala community garden,"3501 st. paul st baltimore, md",,,,"2, 4, 5, 6",-76.6156612,39.3304327
985,cimaglia city farm,"6607 pine ave, baltimore, md",,,,"2, 4, 5, 6",-76.5309429,39.26363
986,argonne valley,,3949a,50,,"1, 4, 5, 6",,
987,st. luke lutheran church,"7001 harford rd, baltimore, md",,,,"2, 4, 5, 6",-76.5486348,39.3665285
988,lots of art,1220 w lombard st,233,37,2,"2, 3, 4, 5, 6",-76.63662475,39.29753858
989,lots of art,1218 w lombard st,233,38,2,"2, 3, 4, 5, 6",-76.63660075,39.29753958
990,dayspring green parking,1101 n bradford st,1554,21,2,"3, 4, 5, 6",-76.61944022,39.30232676
991,dayspring green parking,1103 n bradford st,1554,21,2,"3, 4, 5, 6",-76.61944162,39.30234241
992,dayspring green parking,1105 n bradford st,1554,21,2,"3, 4, 5, 6",-76.61944222,39.30235911
993,dayspring green parking,1106 n bradford st,1554,21,2,"3, 4, 5, 6",-76.61960117,39.30236471
994,dayspring green parking,1107 n bradford st,1554,21,2,"3, 4, 5, 6",-76.61944317,39.30237476
995,dayspring green parking,1108 n bradford st,1554,21,2,"3, 4, 5, 6",-76.61960212,39.30238141
996,dayspring green parking,1109 n bradford st,1554,21,2,"3, 4, 5, 6",-76.61944417,39.30239041
997,ashland community garden,"1608 ashland ave, baltimore, md",,,,"2, 4, 5, 6",-76.5957809,39.300623
998,pigtown community garden,"1425 ostend st., baltimore md",,,,"2, 4, 5, 6",-76.63555935,39.282708
999,homestead montebello gateway garden,32nd street & harford road,,,,"4, 5, 6",-76.59050391,39.30687196
1000,hillen homestead,1913 e. 28th street,3938,24,"4, 8, 11, 12, 13, 15, 16","1, 4, 5, 6",-76.588629,39.323659
1001,library square native garden,201 n. lakewood avenue,1693,1,"4, 6, 8, 11, 16","1, 4, 5, 6",-76.578979,39.294828
1002,hepp park-patch 381,2301 pinewood ave.,5441,1,,"1, 4, 5, 6",-76.5669769,39.3660451
1003,300 blk east 21st st beautification committee,"300 e 23rd st baltimore, md",,,,"2, 4, 5, 6",-76.6126702,39.3154576
1004,al rahmah school garden,"6631 johnnycake rd, baltimore md",,,,"2, 4, 5, 6",-76.74784,39.303025
1005,bell foundry community garden,"1539 n calvert st baltimore, md",,,,"2, 4, 5, 6",-76.613296,39.307639
1006,belvieu community garden,"4610 garrison blvd baltimore, md",,,,"2, 4, 5, 6",-76.6847396,39.3387797
1007,edgecombe park,"2601 edgecombe circle north baltimore, md",,,,"2, 4, 5, 6",-76.6597155,39.3430861
1008,goodnow-frankford bhutanese community garden,"4801 sipple ave baltimore, md",,,,"2, 4, 5, 6",-76.550168,39.328243
1009,greenmount avenue commons & garden,"2600 blk greenmount baltimore, md",,,,"2, 4, 5, 6",-76.6094813,39.3200715
1010,har-den community garden,"742 denison st baltimore, md",,,,"2, 4, 5, 6",-76.673597,39.296143
1011,johns hopkins bayview medical center community garden,"4940 eastern ave baltimore, md",,,,"2, 4, 5, 6",-76.5468383,39.290101
1012,merryman lane greening project,"427 1/2 merryman lane baltimore, md",,,,"2, 4, 5, 6",-76.6099216,39.3274476
1013,mnia,"3521 holmes ave baltimore, md",,,,"2, 4, 5, 6",-76.6504099,39.319356
1014,mt. washington pediatric hospital,"1708 w. rogers ave baltimore, md",,,,"2, 4, 5, 6",-76.6536939,39.3631328
1015,neighborhood design center,"1401 hollins st baltimore, md",,,,"2, 4, 5, 6",-76.6396493,39.2873153
1016,new lens,"2303 brookfield avenue baltimore, md",,,,"2, 4, 5, 6",-76.633688,39.313897
1017,newington avenue neighbors,"730 newington ave baltimore, md",,,,"2, 4, 5, 6",-76.630766,39.313881
1018,old york forest garden,"3622 old york road baltimore, md",,,,"2, 4, 5, 6",-76.608086,39.332726
1019,pratt street community farm,"1639 e pratt street baltimore, md",,,,"2, 4, 5, 6",-76.594347,39.289032
1020,"robert w. coleman organization ""quiet place""","2226 walbrook ave baltimore, md",,,,"2, 4, 5, 6",-76.65361,39.310918
1021,st. vincent cemetary,"2301 n. rose st baltimore, md",,,,"2, 4, 5, 6",-76.5814594,39.3192242
1022,ashburton sign,,,,,"2, 4, 5, 6",,
1023,butterbee farm,,,,,"2, 4, 5, 6",,
1024,cherry hill urban garden,,,,,"2, 4, 5, 6",,
1025,citizens of pigtown,,,,,"2, 4, 5, 6",,
1026,hollins roundhouse neighborhood association,,,,,"2, 4, 5, 6",,
1027,lria (loch raven improvement association),,,,,"2, 4, 5, 6",,
1028,the gardeners share,,,,,"2, 4, 5, 6",,
1029,turner station community,,,,,"2, 4, 5, 6",,
1030,rock rows city farm,"3701 clipper road baltimore, md",,,,"2, 4, 5, 6",-76.6462206,39.3345794
1031,charles north cooperative garden,"2019 st. paul st., baltimore md",,,,"2, 4, 5, 6",-76.6150538,39.3128934
1032,grow for good,"5601 loch raven blvd, baltimore, md",,,,"2, 4, 5, 6",-76.5871983,39.3583988
1033,our community garden,"1103 mosher st. baltimore, md",,,,"2, 4, 5, 6",-76.6362727,39.3001936
1034,rose street community garden,"600 n. port st., baltimore md",,,,"2, 4, 5, 6",-76.5829793,39.2980347
1035,vineyard lane reading garden,"3014 vineyard lane, baltimore md",,,,"2, 4, 5, 6",-76.610221,39.3255849
1036,afya community teaching garden,"4151 park heights ave., baltimore md",,,,"2, 4, 5, 6",-76.6638327,39.3366792
1037,cherry hill urban garden,"900 cherry hill road, baltimore, md",,,,"2, 4, 5, 6",-76.6273109,39.2497843
1038,five seeds farm,"3500 kenyon ave., baltimore, md",,,,"2, 4, 5, 6",-76.5638187,39.3214088
1039,hamilton crop circle,"2719 westfield ave., baltimore, md",,,,"2, 4, 5, 6",-76.5597947,39.3626335
1040,hamilton crop circle,"5403 fair oaks ave., baltimore, md",,,,"2, 4, 5, 6",-76.5662154,39.3552126
1041,hamilton crop circle,"1600 ellsworth ave. baltimore, md 21214",,,,"2, 4, 5, 6",-76.5966517,39.3057776
1042,the greener garden urban farm llc,"5623 mcclean blvd. baltimore, md",,,,"2, 4, 5, 6",-76.568492,39.359208
1043,,301 gwynn ave,2275,28,2,"3, 4, 5, 6",-76.673425,39.290534
1044,,339 camp st,3823,69,2,"3, 4, 5, 6",-76.6115339,39.3162501
1045,,453-457 e 23rd st,3815,37,2,"3, 4, 5, 6",-76.609725,39.3155423
1046,,206 e 22nd st,3817,10,2,"3, 4, 5, 6",-76.613257,39.314562
1047,,208 e 22nd st,3817,9,2,"3, 4, 5, 6",-76.613203,39.314564
1048,,341 camp st,3823,68,2,"3, 4, 5, 6",-76.6115245,39.3162502
1049,,343 camp st,3823,67,2,"3, 4, 5, 6",-76.611515,39.3162503
1050,,345 camp st,3823,66,2,"3, 4, 5, 6",-76.6115055,39.3162503
1051,,347 camp st,3823,65,2,"3, 4, 5, 6",-76.6114961,39.3162504
1052,,349 camp st,3823,64,2,"3, 4, 5, 6",-76.6114866,39.3162505
1053,,2326 barclay st,3823,37,2,"3, 4, 5, 6",-76.611506,39.3159149
1054,,407 e 24th st,3824,20,2,"3, 4, 5, 6",-76.6109272,39.3162499
1055,,405 e 24th st,3824,19,2,"3, 4, 5, 6",-76.6110305,39.3162507
1056,,401 e 24th st,3824,17,2,"3, 4, 5, 6",-76.6112371,39.3162524
1057,,403 e 24th st,3824,18,2,"3, 4, 5, 6",-76.6111338,39.3162516
1058,,810 homestead st,4079,16,2,"3, 4, 5, 6",-76.60523,39.326143
1059,,814 homestead st,4079,18,2,"3, 4, 5, 6",-76.605113,39.3260798
1060,,812 homestead st,4079,17,2,"3, 4, 5, 6",-76.6051592,39.3261008
1061,,1100 n bradford st,1554,20,2,"3, 4, 5, 6",-76.5848905,39.3039116
1062,,1112 n bradford st,1554,14,2,"3, 4, 5, 6",-76.5849033,39.3041149
1063,,1102 n bradford st,1554,19,2,"3, 4, 5, 6",-76.5848934,39.303946
1064,,1110 n bradford st,1554,15,2,"3, 4, 5, 6",-76.5849014,39.3040794
1065,,1417-1419 n gay st,1497,7,2,"3, 4, 5, 6",-76.5906362,39.3069744
1066,,1411 n gay st,1497,4,2,"3, 4, 5, 6",-76.5905843,39.3067109
1067,,1413 n gay st,1497,5,2,"3, 4, 5, 6",-76.5905522,39.3067396
1068,,1415 n gay st,1497,6,2,"3, 4, 5, 6",-76.5905555,39.3068073
1069,,1503 n madeira st,1483,84,2,"3, 4, 5, 6",-76.5864548,39.3078333
1070,,1515 n madeira st,1483,78,2,"3, 4, 5, 6",-76.5864602,39.3079608
1071,,1517 n madeira st,1483,77,2,"3, 4, 5, 6",-76.5864611,39.307982
1072,,1801 n durham st,1447,106,2,"3, 4, 5, 6",-76.5921732,39.3111009
1073,,1821 e north ave,1447,32,2,"3, 4, 5, 6",-76.592301,39.312004
1074,,1829 e north ave,1447,36,2,"3, 4, 5, 6",-76.592111,39.31201
1075,,1823 e north ave,1447,33,2,"3, 4, 5, 6",-76.592254,39.312004
1076,,1825 e north ave,1447,34,2,"3, 4, 5, 6",-76.592208,39.3120059
1077,,1800 n durham st,1447,82,2,"3, 4, 5, 6",-76.5924442,39.3110571
1078,,1819 n durham st,1447,115,2,"3, 4, 5, 6",-76.5921698,39.3113983
1079,,1821 n durham st,1447,116,2,"3, 4, 5, 6",-76.5921725,39.3114335
1080,,1829 n durham st,1447,118,2,"3, 4, 5, 6",-76.5921917,39.3115655
1081,,1829 n regester st,1446,106,2,"3, 4, 5, 6",-76.593842,39.311499
1082,,1831 n regester st,1446,107,2,"3, 4, 5, 6",-76.593844,39.311533
1083,,1835 n regester st,1446,109,2,"3, 4, 5, 6",-76.593848,39.311601
1084,,1701 llewelyn ave,1494,90,2,"3, 4, 5, 6",-76.5942565,39.3067889
1085,,1703 llewelyn ave,1494,91,2,"3, 4, 5, 6",-76.594205,39.3067896
1086,,1705 llewelyn ave,1494,92,2,"3, 4, 5, 6",-76.5941579,39.3067913
1087,,1707 llewelyn ave,1494,93,2,"3, 4, 5, 6",-76.5941104,39.3067921
1088,,1709 llewelyn ave,1494,94,2,"3, 4, 5, 6",-76.5940617,39.3067921
1089,,1711 llewelyn ave,1494,95,2,"3, 4, 5, 6",-76.5940136,39.3067944
1090,,1713 llewelyn ave,1494,96,2,"3, 4, 5, 6",-76.5939661,39.3067957
1091,,1715 llewelyn ave,1494,97,2,"3, 4, 5, 6",-76.5939201,39.3067962
1092,,1839 n durham st,1447,123,2,"3, 4, 5, 6",-76.5921884,39.311716
1093,,1841 n durham st,1447,124,2,"3, 4, 5, 6",-76.5921978,39.3117549
1094,,1802 n durham st,1447,83,2,"3, 4, 5, 6",-76.5924471,39.3110896
1095,,1806 n durham st,1447,85,2,"3, 4, 5, 6",-76.5924705,39.3111716
1096,,1814 n durham st,1447,89,2,"3, 4, 5, 6",-76.592459,39.3112882
1097,,1824 n durham st,1447,94,2,"3, 4, 5, 6",-76.5924696,39.3114542
1098,,1826 n durham st,1447,95,2,"3, 4, 5, 6",-76.5924717,39.3114862
1099,,1830 n durham st,1447,97,2,"3, 4, 5, 6",-76.5924756,39.311552
1100,,1834 n durham st,1447,99,2,"3, 4, 5, 6",-76.5924795,39.3116194
1101,,1421 n gay st,1497,9,2,"3, 4, 5, 6",-76.59042,39.306858
1102,,1409 n gay st,1497,3,2,"3, 4, 5, 6",-76.5906855,39.3066978
1103,,1407 n gay st,1497,2,2,"3, 4, 5, 6",-76.5907354,39.3066817
1104,,1902 e hoffman st,1497,17,2,"3, 4, 5, 6",-76.5910571,39.3065828
1105,,"nws 14 ft alley, 1st nw of burleith ave, rear 3316 burleith ave",3262a,63,2,"3, 4, 5, 6",-76.660143,39.319631
1106,,3722 boarman ave,2950,29,2,"3, 4, 5, 6",-76.677576,39.334792
1107,,400 n madeira st,1670,77,2,"3, 4, 5, 6",-76.5857063,39.2954999
1108,,412 n madeira st,1670,83,2,"3, 4, 5, 6",-76.5857141,39.2956333
1109,,2109 orleans st,1687,18,2,"3, 4, 5, 6",-76.587098,39.295241
1110,,519 n madeira st,1653,93,2,"3, 4, 5, 6",-76.5857433,39.2967905
1111,,503 n madeira st,1653,85,2,"3, 4, 5, 6",-76.5857348,39.2966314
1112,,525 n madeira st,1653,96,2,"3, 4, 5, 6",-76.5857465,39.2968501
1113,,406 n madeira st,1670,80,2,"3, 4, 5, 6",-76.5857102,39.2955666
1114,,410 n madeira st,1670,82,2,"3, 4, 5, 6",-76.5857128,39.295611
1115,,416 n madeira st,1670,85,2,"3, 4, 5, 6",-76.5857167,39.2956777
1116,,418 n madeira st,1670,86,2,"3, 4, 5, 6",-76.585718,39.2956999
1117,,408 n madeira st,1670,81,2,"3, 4, 5, 6",-76.5857115,39.2955888
1118,,414 n madeira st,1670,84,2,"3, 4, 5, 6",-76.5857154,39.2956555
1119,,513 n madeira st,1653,90,2,"3, 4, 5, 6",-76.5857401,39.2967308
1120,,515 n madeira st,1653,91,2,"3, 4, 5, 6",-76.5857412,39.2967507
1121,,420 n madeira st,1670,87,2,"3, 4, 5, 6",-76.5857193,39.2957222
1122,,403 n madeira st,1670,89,2,"3, 4, 5, 6",-76.5856701,39.2955234
1123,,427 n madeira st,1670,101,2,"3, 4, 5, 6",-76.5856857,39.2957902
1124,,404 n madeira st,1670,79,2,"3, 4, 5, 6",-76.5857089,39.2955443
1125,,504 n madeira st,1653,82,2,"3, 4, 5, 6",-76.5857734,39.2966501
1126,,507 n madeira st,1653,87,2,"3, 4, 5, 6",-76.585737,39.2966712
1127,,509 n madeira st,1653,88,2,"3, 4, 5, 6",-76.585738,39.2966911
1128,,521 n madeira st,1653,94,2,"3, 4, 5, 6",-76.5857444,39.2968103
1129,,363 fonthill ave,2195,32,2,"3, 4, 5, 6",-76.6629673,39.2801137
1130,,"es fonthill av 595-1 ft, n of frederick av",2185,3,2,"3, 4, 5, 6",-76.6773121,39.2817145
1131,,311 s payson st,274,51,2,"3, 4, 5, 6",-76.64813,39.283892
1132,,313 s payson st,274,50,2,"3, 4, 5, 6",-76.648128,39.283856
1133,,315 s payson st,274,49,2,"3, 4, 5, 6",-76.648126,39.28382
1134,,317 s payson st,274,48,2,"3, 4, 5, 6",-76.648124,39.283785
1135,,1825 dover st,260,88,2,"3, 4, 5, 6",-76.645971,39.2846339
1136,,1837 dover st,260,95,2,"3, 4, 5, 6",-76.646235,39.284624
1137,,1829 dover st,260,91,2,"3, 4, 5, 6",-76.646058,39.284631
1138,,1831 dover st,260,92,2,"3, 4, 5, 6",-76.646103,39.284629
1139,,1833 dover st,260,93,2,"3, 4, 5, 6",-76.646147,39.284627
1140,,1835 dover st,260,94,2,"3, 4, 5, 6",-76.646191,39.284625
1141,,4002 springdale ave,2736,15,2,"3, 4, 5, 6",-76.6869868,39.32608
1142,,3003 woodland ave,4623,47,2,"3, 4, 5, 6",-76.668954,39.346313
1143,,3005 woodland ave,4623,46,2,"3, 4, 5, 6",-76.669004,39.3462559
1144,,4011 reisterstown road,3312,49,2,"3, 4, 5, 6",-76.663987,39.334515
1145,,4015 reisterstown road,3312,47,2,"3, 4, 5, 6",-76.664215,39.334529
1146,,4013 reisterstown road,3312,48,2,"3, 4, 5, 6",-76.66418,39.334484
1147,,3007 woodland ave,4623,45,2,"3, 4, 5, 6",-76.669049,39.346231
1148,,3009 woodland ave,4623,44,2,"3, 4, 5, 6",-76.669093,39.346206
1149,,4419 reisterstown road,3302,2a,2,"3, 4, 5, 6",-76.66843,39.339768
1150,,4431 reisterstown road,3302,3,2,"3, 4, 5, 6",-76.668808,39.339874
1151,,"nes 10 ft alley 1st, ne of park hts. av rear, 4227-37 park heights av",3307a,69,2,"3, 4, 5, 6",-76.664574,39.337759
1152,,119 w 21st st,3610,35,2,"3, 4, 5, 6",-76.618804,39.3131405
1153,,1446 homestead st,4111,8,2,"3, 4, 5, 6",-76.5980976,39.3227192
1154,,"ss 10 ft alley 1st s of, north av 90 ft w of moreland av",2307a,53,2,"3, 4, 5, 6",-76.6557678,39.3063299
1155,,"ss 10 ft alley 1st s of, w north av 132 ft e of, n warwick av",2307a,53a,2,"3, 4, 5, 6",-76.656338,39.294736
1156,,1313 w north ave,299,7,2,"3, 4, 5, 6",-76.6387656,39.310183
1157,,1315 w north ave,299,8,2,"3, 4, 5, 6",-76.6388404,39.3101815
1158,,2101 boone st,4020,48,2,"3, 4, 5, 6",-76.6084059,39.3135861
1159,,2102 boone st,4019,18,2,"3, 4, 5, 6",-76.6084445,39.3136048
1160,,2104 boone st,4019,19,2,"3, 4, 5, 6",-76.6084455,39.3136247
1161,,2106 boone st,4019,20,2,"3, 4, 5, 6",-76.6084466,39.3136445
1162,,524 e 21st st,4019,13,2,"3, 4, 5, 6",-76.60874,39.313761
1163,,1119 e 20th st,4005,48,2,"3, 4, 5, 6",-76.603257,39.312599
1164,,501 e 23rd st,4039,38,2,"3, 4, 5, 6",-76.6093321,39.3153106
1165,,545 e 23rd st,4039,16,2,"3, 4, 5, 6",-76.608254,39.315243
1166,,"es 10 ft alley 1st w of payson st, 85 ft w of payson st",18,46,2,"3, 4, 5, 6",-76.6493508,39.300848
1167,,ws n payson st nwc presstman st,18,24,2,"3, 4, 5, 6",-76.6426087,39.3054092
1168,,"ws n payson st, 30-7 ft w of presstman st",18,25,2,"3, 4, 5, 6",-76.6426087,39.3054092
1169,,"ns 20 ft alley 1st n of, w saratoga st rear, 1300-14 w saratoga st",153,49,2,"3, 4, 5, 6",-76.6158446,39.2928175
1170,,212 n carey st,168,24,2,"3, 4, 5, 6",-76.6383225,39.2914954
1171,,211 n fulton ave,164,17,2,"3, 4, 5, 6",-76.6453463,39.2912381
1172,,1606 w saratoga st,150,56,2,"3, 4, 5, 6",-76.643094,39.292374
1173,,1608 w saratoga st,150,55,2,"3, 4, 5, 6",-76.64315,39.292372
1174,,1703 w fayette st,194,2,2,"3, 4, 5, 6",-76.644048,39.289331
1175,,1507 vine st,181,62,2,"3, 4, 5, 6",-76.641152,39.2900513
1176,,1700 greenmount ave,1104,43,2,"3, 4, 5, 6",-76.6092041,39.3090166
1177,,403 e lanvale st,1111,116,2,"3, 4, 5, 6",-76.6105762,39.308788
1178,,405 e lanvale st,1111,115,2,"3, 4, 5, 6",-76.6105246,39.30879
1179,,407 e lanvale st,1111,114,2,"3, 4, 5, 6",-76.6104694,39.308784
1180,,409 e lanvale st,1111,113,2,"3, 4, 5, 6",-76.6104141,39.308788
1181,,413 e lanvale st,1111,111,2,"3, 4, 5, 6",-76.6103076,39.3087942
1182,,1527 baldwin st,3518c,65,2,"3, 4, 5, 6",-76.6393592,39.328958
1183,,1529 baldwin st,3518c,66,2,"3, 4, 5, 6",-76.6394237,39.3289454
1184,,3511 ash st,3518c,48,2,"3, 4, 5, 6",-76.639587,39.329341
1185,,3513 ash st,3518c,49,2,"3, 4, 5, 6",-76.639618,39.329378
1186,,"rear nes vickers rd, rear 3206 vickers rd",3070a,20,2,"3, 4, 5, 6",-76.672107,39.31817
1187,,1711 w lafayette ave,85,27,2,"3, 4, 5, 6",-76.644762,39.298608
1188,,1701 w lafayette ave,85,32,2,"3, 4, 5, 6",-76.644492,39.298617
1189,,1713 w lafayette ave,85,26,2,"3, 4, 5, 6",-76.6448659,39.298604
1190,,648-650 n fulton ave,108,25,2,"3, 4, 5, 6",-76.6457192,39.2963258
1191,,1726 w franklin st,121,56,2,"3, 4, 5, 6",-76.6449584,39.2940738
1192,,500 n fulton ave,120,1,2,"3, 4, 5, 6",-76.6455147,39.2939128
1193,,518 n fulton ave,120,7,2,"3, 4, 5, 6",-76.645813,39.294325
1194,,508 n arlington ave,127,59,2,"3, 4, 5, 6",-76.635903,39.294713
1195,,510 n arlington ave,127,58,2,"3, 4, 5, 6",-76.635903,39.294764
1196,,512 n arlington ave,127,57,2,"3, 4, 5, 6",-76.6359049,39.294813
1197,,1719 harlem ave,109,23,2,"3, 4, 5, 6",-76.644858,39.296259
1198,,1703 w lafayette ave,85,31,2,"3, 4, 5, 6",-76.64455,39.298615
1199,,1705 w lafayette ave,85,30,2,"3, 4, 5, 6",-76.6446069,39.298613
1200,,1707 w lafayette ave,85,29,2,"3, 4, 5, 6",-76.644664,39.298611
1201,,1715 w lafayette ave,85,25,2,"3, 4, 5, 6",-76.64493,39.298602
1202,,1717 harlem ave,109,22,2,"3, 4, 5, 6",-76.644799,39.296261
1203,,502 n stricker st,123,2,2,"3, 4, 5, 6",-76.641549,39.29421
1204,,519 n stricker st,124,44,2,"3, 4, 5, 6",-76.6410329,39.294604
1205,,1420 w franklin st,124,55,2,"3, 4, 5, 6",-76.6408386,39.2942604
1206,,532 n stricker st,123,17,2,"3, 4, 5, 6",-76.6415032,39.2949512
1207,,522 n stricker st,123,12,2,"3, 4, 5, 6",-76.641575,39.294672
1208,,518 n stricker st,123,10,2,"3, 4, 5, 6",-76.64157,39.29458
1209,,523 n mount st,122,47,2,"3, 4, 5, 6",-76.643842,39.294488
1210,,525 n mount st,122,46,2,"3, 4, 5, 6",-76.643844,39.294523
1211,,527 n mount st,122,45,2,"3, 4, 5, 6",-76.643846,39.294558
1212,,529 n mount st,122,44,2,"3, 4, 5, 6",-76.643848,39.2945909
1213,,533 n mount st,122,42,2,"3, 4, 5, 6",-76.643851,39.294659
1214,,535 n mount st,122,41,2,"3, 4, 5, 6",-76.6438529,39.294693
1215,,541 n mount st,122,38,2,"3, 4, 5, 6",-76.643865,39.294884
1216,,517 n mount st,122,50,2,"3, 4, 5, 6",-76.643835,39.294364
1217,,501 n mount st,122,58,2,"3, 4, 5, 6",-76.6438527,39.2940619
1218,,1200 edmondson ave,113,54,2,"3, 4, 5, 6",-76.637636,39.295658
1219,,1202 edmondson ave,113,53,2,"3, 4, 5, 6",-76.637692,39.295657
1220,,1204 edmondson ave,113,52,2,"3, 4, 5, 6",-76.637751,39.295654
1221,,1622 w lanvale st,86,9,2,"3, 4, 5, 6",-76.643715,39.297893
1222,,1624 w lanvale st,86,8,2,"3, 4, 5, 6",-76.643771,39.297891
1223,,1645 w lanvale st,98,54,2,"3, 4, 5, 6",-76.644141,39.297494
1224,,1327 edmondson ave,125,36,2,"3, 4, 5, 6",-76.63977,39.295192
1225,,1829 edmondson ave,120,37,2,"3, 4, 5, 6",-76.646869,39.294935
1226,,640 n fulton ave,108,21,2,"3, 4, 5, 6",-76.6458973,39.2961292
1227,,642 n fulton ave,108,22,2,"3, 4, 5, 6",-76.6458984,39.2961682
1228,,1604 w franklin st,122,70,2,"3, 4, 5, 6",-76.6431296,39.2941712
1229,,804 n mount st,85,45,2,"3, 4, 5, 6",-76.6445126,39.2979463
1230,,806 n mount st,85,44,2,"3, 4, 5, 6",-76.6445162,39.2979839
1231,,808 n mount st,85,43,2,"3, 4, 5, 6",-76.644521,39.2980264
1232,,1704 w lanvale st,85,48,2,"3, 4, 5, 6",-76.6444642,39.2978324
1233,,1706 w lanvale st,85,49,2,"3, 4, 5, 6",-76.6445108,39.2978232
1234,,1710 w lanvale st,85,51,2,"3, 4, 5, 6",-76.6446086,39.2978195
1235,,1712 w lanvale st,85,52,2,"3, 4, 5, 6",-76.6446563,39.2978192
1236,,1714 w lanvale st,85,53,2,"3, 4, 5, 6",-76.6447033,39.2978175
1237,,1716 w lanvale st,85,54,2,"3, 4, 5, 6",-76.644752,39.2978155
1238,,1718 w lanvale st,85,55,2,"3, 4, 5, 6",-76.6448006,39.2978152
1239,,1720 w lanvale st,85,56,2,"3, 4, 5, 6",-76.6448475,39.2978103
1240,,414 e 26th st,3836b,20,2,"3, 4, 5, 6",-76.6104645,39.3190785
1241,,117 s carey st,249,24,2,"3, 4, 5, 6",-76.6379773,39.2860472
1242,,119 s carey st,249,23,2,"3, 4, 5, 6",-76.6379771,39.2860418
1243,,"nes cadillac av, 136-10 ft nw of ma0000 av",8265,12,2,"3, 4, 5, 6",-76.6121893,39.2903848
1244,,"nes cadillac av, 156-10 ft nw of marmon av",8265,13,2,"3, 4, 5, 6",-76.7023854,39.3338907
1245,,"nes cadillac av, 176-10 ft nw of marmon av",8265,14,2,"3, 4, 5, 6",-76.7023854,39.3338907
1246,,"nes cadillac av, 196-10 ft nw of marmon av",8265,15,2,"3, 4, 5, 6",-76.7023854,39.3338907
1247,,"nes cadillac av, 216-10 ft nw of marmon av",8265,16,2,"3, 4, 5, 6",-76.7023854,39.3338907
1248,,"nes cadillac av, 236-10 ft nw of marmon av",8265,17,2,"3, 4, 5, 6",-76.7023854,39.3338907
1249,,"nws marmon av, nwc cadillac ave",8265,11,2,"3, 4, 5, 6",-76.7023183,39.3383232
1250,,1000-1012 valley st,1183,51,2,"3, 4, 5, 6",-76.6049257,39.3017508
1251,,1309-1313 proctor st,1142b,56,2,"3, 4, 5, 6",-76.607284,39.3054658
1252,,1315 proctor st,1142b,55,2,"3, 4, 5, 6",-76.6072847,39.3054752
1253,,"ss e hoffman st, sec of proctor st",1142b,50,2,"3, 4, 5, 6",-76.6072539,39.304871
1254,,1301 hillman st,1143,65,2,"3, 4, 5, 6",-76.6057,39.30529
1255,,1326 hillman st,1143,78,2,"3, 4, 5, 6",-76.6058822,39.3050657
1256,,900 e biddle st,1157,1,2,"3, 4, 5, 6",-76.604907,39.304112
1257,,915 e chase st,1184,52,2,"3, 4, 5, 6",-76.60445,39.302662
1258,,909 e chase st,1184,55,2,"3, 4, 5, 6",-76.604593,39.302603
1259,,907 e chase st,1184,56,2,"3, 4, 5, 6",-76.604646,39.3026
1260,,903 e chase st,1184,58,2,"3, 4, 5, 6",-76.6047619,39.302618
1261,,919 e chase st,1184,50,2,"3, 4, 5, 6",-76.604351,39.302669
1262,,924 e eager st,1184,13,2,"3, 4, 5, 6",-76.6042544,39.3016368
1263,,1031 valley st,1184,60,2,"3, 4, 5, 6",-76.604783,39.302479
1264,,1019 valley st,1184,65,2,"3, 4, 5, 6",-76.604681,39.302186
1265,,1021 valley st,1184,64,2,"3, 4, 5, 6",-76.604683,39.302227
1266,,1014 valley st,1183,50,2,"3, 4, 5, 6",-76.6052,39.301788
1267,,1136 forrest st,1167,19,2,"3, 4, 5, 6",-76.6087906,39.3030581
1268,,1124 forrest st,1167,13,2,"3, 4, 5, 6",-76.6087549,39.3029318
1269,,917 e chase st,1184,51,2,"3, 4, 5, 6",-76.6044,39.302668
1270,,921 e chase st,1184,49,2,"3, 4, 5, 6",-76.6043059,39.3026709
1271,,1122 forrest st,1167,12,2,"3, 4, 5, 6",-76.608749,39.3029107
1272,,1126 forrest st,1167,14,2,"3, 4, 5, 6",-76.6087609,39.3029528
1273,,1128 forrest st,1167,15,2,"3, 4, 5, 6",-76.6087668,39.3029739
1274,,1114 forrest st,1167,8,2,"3, 4, 5, 6",-76.6087252,39.3028265
1275,,1116 forrest st,1167,9,2,"3, 4, 5, 6",-76.6087312,39.3028476
1276,,1118 forrest st,1167,10,2,"3, 4, 5, 6",-76.6087371,39.3028686
1277,,1130 forrest st,1167,16,2,"3, 4, 5, 6",-76.6087728,39.3029949
1278,,1112 forrest st,1167,7,2,"3, 4, 5, 6",-76.6087193,39.3028055
1279,,1132 forrest st,1167,17,2,"3, 4, 5, 6",-76.6087787,39.303016
1280,,1134 forrest st,1167,18,2,"3, 4, 5, 6",-76.6087847,39.303037
1281,,1120 forrest st,1167,11,2,"3, 4, 5, 6",-76.6087431,39.3028897
1282,,1138 forrest st,1167,20,2,"3, 4, 5, 6",-76.6087965,39.3030792
1283,,1140 forrest st,1167,21,2,"3, 4, 5, 6",-76.6088025,39.3031002
1284,,928 e eager st,1184,15,2,"3, 4, 5, 6",-76.5861642,39.3016704
1285,,930 e eager st,1184,16,2,"3, 4, 5, 6",-76.5861627,39.3017059
1286,,922 e eager st,1184,12,2,"3, 4, 5, 6",-76.604304,39.301637
1287,,920 e eager st,1184,11,2,"3, 4, 5, 6",-76.6043453,39.3016368
1288,,923 e chase st,1184,48,2,"3, 4, 5, 6",-76.604149,39.302664
1289,,1305 homewood ave,1143,13,2,"3, 4, 5, 6",-76.6065936,39.3054987
1290,,1303 hillman st,1143,64,2,"3, 4, 5, 6",-76.605703,39.305321
1291,,1305 hillman st,1143,63,2,"3, 4, 5, 6",-76.605705,39.305354
1292,,1307 hillman st,1143,62,2,"3, 4, 5, 6",-76.605707,39.305386
1293,,1301 homewood ave,1143,15,2,"3, 4, 5, 6",-76.6065911,39.3054425
1294,,1303 homewood ave,1143,14,2,"3, 4, 5, 6",-76.6065924,39.3054706
1295,,1307 homewood ave,1143,12,2,"3, 4, 5, 6",-76.6065948,39.3055269
1296,,"rear ss e preston st, rear 809-17 e preston st",1156,64,2,"3, 4, 5, 6",-76.6148703,39.304473
1297,,502 n pulaski st,117,2,2,"3, 4, 5, 6",-76.6503578,39.2930225
1298,,500 n pulaski st,117,1,2,"3, 4, 5, 6",-76.6503559,39.2929849
1299,,1912 edmondson ave,107,69,2,"3, 4, 5, 6",-76.64779,39.295337
1300,,2020 w lanvale st,82,9,2,"3, 4, 5, 6",-76.649824,39.297664
1301,,2016 w lanvale st,82,7,2,"3, 4, 5, 6",-76.6497289,39.2976669
1302,,2018 w lanvale st,82,8,2,"3, 4, 5, 6",-76.649777,39.297666
1303,,1913 w lanvale st,95,26,2,"3, 4, 5, 6",-76.648171,39.297346
1304,,2625 lehman st,2141,7,2,"3, 4, 5, 6",-76.6578738,39.2804183
1305,,2640 dulany st,2141,45,2,"3, 4, 5, 6",-76.657595,39.280234
1306,,2630 dulany st,2141,50,2,"3, 4, 5, 6",-76.657405,39.280358
1307,,"sws hollins ferry rd, sec s paca st",7473,1,2,"3, 4, 5, 6",-76.624262,39.2832643
1308,,3415 brentwood ave,3884,41,2,"3, 4, 5, 6",-76.6101448,39.329821
1309,,3413 brentwood ave,3884,40,2,"3, 4, 5, 6",-76.6101422,39.3297822
1310,,3411 brentwood ave,3884,39,2,"3, 4, 5, 6",-76.6101408,39.3297496
1311,,3409 brentwood ave,3884,38,2,"3, 4, 5, 6",-76.6101383,39.3297147
1312,,1338 n bond st,1150,23,2,"3, 4, 5, 6",-76.59667,39.3054647
1313,,1618 e oliver st,1127,64,2,"3, 4, 5, 6",-76.595788,39.307618
1314,,1617 e oliver st,1138,27,2,"3, 4, 5, 6",-76.595815,39.30725
1315,,1523 n bethel st,1127,85,2,"3, 4, 5, 6",-76.5956951,39.3081557
1316,,1620 e oliver st,1127,63,2,"3, 4, 5, 6",-76.595729,39.3076243
1317,,1622 e oliver st,1127,62,2,"3, 4, 5, 6",-76.5956755,39.307626
1318,,1001 e lanvale st,1112,15,2,"3, 4, 5, 6",-76.6038597,39.3090694
1319,,1003 e lanvale st,1112,16,2,"3, 4, 5, 6",-76.6038105,39.3090699
1320,,1007 e lanvale st,1112,18,2,"3, 4, 5, 6",-76.6037206,39.3090728
1321,,1009 e lanvale st,1112,19,2,"3, 4, 5, 6",-76.6036719,39.3090736
1322,,1619 e oliver st,1138,28,2,"3, 4, 5, 6",-76.595769,39.30725
1323,,1621 e oliver st,1138,29,2,"3, 4, 5, 6",-76.595721,39.307251
1324,,1502 n dallas st,1126,62,2,"3, 4, 5, 6",-76.5974641,39.3073999
1325,,1507 n dallas st,1126,78,2,"3, 4, 5, 6",-76.5974274,39.307443
1326,,1511 n dallas st,1126,80,2,"3, 4, 5, 6",-76.5974299,39.3074856
1327,,1513 n bethel st,1127,80,2,"3, 4, 5, 6",-76.5956439,39.307987
1328,,1515 n bethel st,1127,81,2,"3, 4, 5, 6",-76.595646,39.3080209
1329,,1517 n bethel st,1127,82,2,"3, 4, 5, 6",-76.595648,39.308054
1330,,1519 n bethel st,1127,83,2,"3, 4, 5, 6",-76.595651,39.308087
1331,,1521 n bethel st,1127,84,2,"3, 4, 5, 6",-76.595653,39.308121
1332,,1506 n dallas st,1126,64,2,"3, 4, 5, 6",-76.5974649,39.3074419
1333,,1510 n dallas st,1126,66,2,"3, 4, 5, 6",-76.5974674,39.307484
1334,,4501 pimlico road,4812,14,2,"3, 4, 5, 6",-76.66618,39.342076
1335,,707 e 43rd st,5203a,4,2,"3, 4, 5, 6",-76.60619,39.341686
1336,,1515-1517 kensett st,3408,105,2,"3, 4, 5, 6",-76.6434997,39.3131887
1337,,1502 kensett st,3408,98,2,"3, 4, 5, 6",-76.643083,39.3135189
1338,,1408 whitelock st,3413,64,2,"3, 4, 5, 6",-76.640105,39.311427
1339,,1400 whitelock st,3413,68,2,"3, 4, 5, 6",-76.639961,39.311525
1340,,1402 whitelock st,3413,67,2,"3, 4, 5, 6",-76.639999,39.311502
1341,,1410 whitelock st,3413,63,2,"3, 4, 5, 6",-76.640143,39.311405
1342,,2501 salem st,3408,125,2,"3, 4, 5, 6",-76.6426306,39.3126961
1343,,2517 salem st,3408,133,2,"3, 4, 5, 6",-76.6428623,39.3128916
1344,,2519 salem st,3408,134,2,"3, 4, 5, 6",-76.6428945,39.3129135
1345,,2506 salem st,3408,122,2,"3, 4, 5, 6",-76.6429604,39.3125659
1346,,2521 salem st,3408,135,2,"3, 4, 5, 6",-76.6429205,39.3129393
1347,,1504 kensett st,3408,97,2,"3, 4, 5, 6",-76.643167,39.3134603
1348,,1506 kensett st,3408,96,2,"3, 4, 5, 6",-76.6432511,39.3134016
1349,,1508 kensett st,3408,95,2,"3, 4, 5, 6",-76.6433351,39.313343
1350,,1510 kensett st,3408,94,2,"3, 4, 5, 6",-76.6434192,39.3132844
1351,,1512 kensett st,3408,93,2,"3, 4, 5, 6",-76.6435032,39.3132258
1352,,1514 kensett st,3408,92,2,"3, 4, 5, 6",-76.6435136,39.3132184
1353,,1516 kensett st,3408,91,2,"3, 4, 5, 6",-76.6435253,39.31321
1354,,1518 kensett st,3408,90,2,"3, 4, 5, 6",-76.643537,39.3132016
1355,,1520 kensett st,3408,89,2,"3, 4, 5, 6",-76.6435487,39.3131931
1356,,1522 kensett st,3408,88,2,"3, 4, 5, 6",-76.6435604,39.3131847
1357,,1524 kensett st,3408,87,2,"3, 4, 5, 6",-76.6435721,39.3131763
1358,,1519 kensett st,3408,107,2,"3, 4, 5, 6",-76.6435114,39.3131803
1359,,1513 kensett st,3408,104,2,"3, 4, 5, 6",-76.6434781,39.3132042
1360,,1503 kensett st,3408,99,2,"3, 4, 5, 6",-76.6430578,39.3134973
1361,,1509 kensett st,3408,102,2,"3, 4, 5, 6",-76.64331,39.3133214
1362,,1511 kensett st,3408,103,2,"3, 4, 5, 6",-76.643394,39.3132628
1363,,1505 kensett st,3408,100,2,"3, 4, 5, 6",-76.6431419,39.3134387
1364,,1507 kensett st,3408,101,2,"3, 4, 5, 6",-76.6432259,39.3133801
1365,,1402 traction st,3413,69,2,"3, 4, 5, 6",-76.6412798,39.3118754
1366,,1404 traction st,3413,70,2,"3, 4, 5, 6",-76.6414441,39.3117601
1367,,1406 traction st,3413,71,2,"3, 4, 5, 6",-76.6416084,39.3116448
1368,,1408 traction st,3413,72,2,"3, 4, 5, 6",-76.6416189,39.3116371
1369,,1410 traction st,3413,73,2,"3, 4, 5, 6",-76.6416299,39.3116289
1370,,1412 traction st,3413,74,2,"3, 4, 5, 6",-76.6416409,39.3116206
1371,,1414 traction st,3413,75,2,"3, 4, 5, 6",-76.6416519,39.3116124
1372,,2515 salem st,3408,132,2,"3, 4, 5, 6",-76.6428329,39.3128658
1373,,1200 w lexington st,169,11,2,"3, 4, 5, 6",-76.637015,39.29112
1374,,1202 w lexington st,169,10,2,"3, 4, 5, 6",-76.637085,39.291117
1375,,1204 w lexington st,169,9,2,"3, 4, 5, 6",-76.637154,39.291115
1376,,1206 w lexington st,169,8,2,"3, 4, 5, 6",-76.637223,39.291113
1377,,1132 w lexington st,170,14,2,"3, 4, 5, 6",-76.63643,39.291157
1378,,1134 w lexington st,170,15,2,"3, 4, 5, 6",-76.636489,39.291155
1379,,201 n carrollton ave,170,17,2,"3, 4, 5, 6",-76.6368588,39.2915888
1380,,211 n carrollton ave,170,18,2,"3, 4, 5, 6",-76.6368702,39.2917099
1381,,213 n carrollton ave,170,19,2,"3, 4, 5, 6",-76.6368725,39.2917341
1382,,215 n carrollton ave,170,20,2,"3, 4, 5, 6",-76.6368748,39.2917583
1383,,217 n carrollton ave,170,21,2,"3, 4, 5, 6",-76.6368771,39.2917825
1384,,1136 w lexington st,170,16,2,"3, 4, 5, 6",-76.636549,39.291154
1385,,219 n carrollton ave,170,22,2,"3, 4, 5, 6",-76.6368793,39.2918067
1386,,2605 miles ave,3630a,59,2,"3, 4, 5, 6",-76.6218494,39.3186867
1387,,827 whitelock st,3459,34a,2,"3, 4, 5, 6",-76.632887,39.314181
1388,,829 whitelock st,3459,34,2,"3, 4, 5, 6",-76.632975,39.31418
1389,,2401 lakeview ave,3457,11,2,"3, 4, 5, 6",-76.632243,39.314831
1390,,3101 presbury st,2440,41,2,"3, 4, 5, 6",-76.669408,39.306851
1391,,1440 n fulton ave,26,21,2,"3, 4, 5, 6",-76.6464228,39.3051684
1392,,1424 w lafayette ave,76,56,2,"3, 4, 5, 6",-76.6408889,39.2991479
1393,,1426 w lafayette ave,76,57,2,"3, 4, 5, 6",-76.6409438,39.2991469
1394,,1408 w lafayette ave,76,48,2,"3, 4, 5, 6",-76.640447,39.2991729
1395,,900 whatcoat st,76,58a,2,"3, 4, 5, 6",-76.6408434,39.2989937
1396,,1420 w lafayette ave,76,54,2,"3, 4, 5, 6",-76.6407298,39.299154
1397,,555 orchard st,499,75,2,"3, 4, 5, 6",-76.6242184,39.2969595
1398,,553 orchard st,499,76,2,"3, 4, 5, 6",-76.6241881,39.2969848
1399,,551 orchard st,499,77,2,"3, 4, 5, 6",-76.6241577,39.2970091
1400,,557 orchard st,499,74,2,"3, 4, 5, 6",-76.6242521,39.2969332
1401,,3 s franklintown road,2171,44b,2,"3, 4, 5, 6",-76.65848,39.287206
1402,,123 s gilmor st,246,28,2,"3, 4, 5, 6",-76.641947,39.28554
1403,,1602 lemmon st,245,31,2,"3, 4, 5, 6",-76.642724,39.285903
1404,,125 s gilmor st,246,29,2,"3, 4, 5, 6",-76.641889,39.285508
1405,,1404 druid hill ave,376,3,2,"3, 4, 5, 6",-76.629911,39.302793
1406,,1408 druid hill ave,376,5,2,"3, 4, 5, 6",-76.629996,39.302861
1407,,1406 druid hill ave,376,4,2,"3, 4, 5, 6",-76.629954,39.302827
1408,,629 w lanvale st,412,24,2,"3, 4, 5, 6",-76.6320085,39.2992278
1409,,631 w lanvale st,412,25,2,"3, 4, 5, 6",-76.6320212,39.2992186
1410,,633 w lanvale st,412,26,2,"3, 4, 5, 6",-76.6320338,39.2992094
1411,,548 wilson st,338,69,2,"3, 4, 5, 6",-76.6340326,39.3043135
1412,,550 wilson st,338,68,2,"3, 4, 5, 6",-76.634068,39.3042842
1413,,552 wilson st,338,67,2,"3, 4, 5, 6",-76.634048,39.304231
1414,,546 wilson st,338,70,2,"3, 4, 5, 6",-76.6339977,39.3043461
1415,,1700 division st,338,1,2,"3, 4, 5, 6",-76.6337856,39.3043214
1416,,1702 division st,338,2,2,"3, 4, 5, 6",-76.6338205,39.3043504
1417,,1706 division st,338,4,2,"3, 4, 5, 6",-76.6338907,39.3044092
1418,,1708 division st,338,5,2,"3, 4, 5, 6",-76.6339283,39.3044395
1419,,1710 division st,338,6,2,"3, 4, 5, 6",-76.633963,39.3044681
1420,,1712 division st,338,7,2,"3, 4, 5, 6",-76.6340001,39.3044993
1421,,1714 division st,338,8,2,"3, 4, 5, 6",-76.6340365,39.3045294
1422,,1716 division st,338,9,2,"3, 4, 5, 6",-76.6340725,39.3045601
1423,,1718 division st,338,10,2,"3, 4, 5, 6",-76.6340965,39.3045824
1424,,1704 division st,338,3,2,"3, 4, 5, 6",-76.6338554,39.3043791
1425,,1403 etting st,376,34,2,"3, 4, 5, 6",-76.6301464,39.3024807
1426,,1405 etting st,376,35,2,"3, 4, 5, 6",-76.6302399,39.3025552
1427,,1407 etting st,376,36,2,"3, 4, 5, 6",-76.6303334,39.3026296
1428,,1409 etting st,376,37,2,"3, 4, 5, 6",-76.6304269,39.3027041
1429,,555 brunt ct,338,71,2,"3, 4, 5, 6",-76.6345642,39.3041337
1430,,2213 n ellamont st,3034,7,2,"3, 4, 5, 6",-76.670772,39.312756
1431,,2217-2239 n ellamont st,,,2,"3, 4, 5, 6",-76.6711591,39.3131861
1432,,ns w hamburg st nec ostend st,801,38,2,"3, 4, 5, 6",-76.6260897,39.2769399
1433,,839 washington blvd,851,30,2,"3, 4, 5, 6",-76.6300054,39.2827511
1434,,"ses carroll st, 192-9ft sw of carey st",789,1a,2,"3, 4, 5, 6",-76.6387429,39.2996849
1435,,1117 sargeant st,769,73,2,"3, 4, 5, 6",-76.6334087,39.2827567
1436,,1331-1349 carroll st,789,2,2,"3, 4, 5, 6",-76.6351829,39.2791135
1437,,604 parkin st,855,46,2,"3, 4, 5, 6",-76.6303595,39.2820011
1438,,843 washington blvd,850,2,2,"3, 4, 5, 6",-76.630208,39.282744
1439,,3624 old york road,4048a,43,2,"3, 4, 5, 6",-76.60806,39.332797
1440,,3626 old york road,4048a,42,2,"3, 4, 5, 6",-76.608058,39.332857
1441,,"es kenilworth av, 482-2 ft n of e 43rd st",5192,13,2,"3, 4, 5, 6",-76.6034555,39.3426728
1442,,"es kenilworth av, 264-9 ft n of e 43rd st",5192,4,2,"3, 4, 5, 6",-76.6034555,39.3426728
1443,,"ns 16 ft alley, 1st n of radnor av rear, 562-606 radnor av",5180,81,2,"3, 4, 5, 6",-76.6067116,39.3478061
1444,,5319 wabash ave,8197,3,2,"3, 4, 5, 6",-76.6911499,39.34313
